{
  "Q7": {
    "query_id": "7",
    "status": "success",
    "execution_time": 38.14134740829468,
    "token_usage": 287892,
    "money_cost": 0.0977372,
    "row_count": 48,
    "model_name": "gemini-2.5-flash",
    "concurrent_llm_worker": 20,
    "accuracy": 0.9565217391304348,
    "metric_type": "f1-score",
    "precision": 0.9166666666666666,
    "recall": 1.0,
    "f1_score": 0.9565217391304348
  }
}