{
  "Q7": {
    "query_id": "7",
    "status": "success",
    "execution_time": 22.05432629585266,
    "money_cost": 0.1844075999999999,
    "row_count": 40,
    "model_name": "gemini-2.5-flash",
    "concurrent_llm_worker": 20,
    "accuracy": 0.9047619047619048,
    "metric_type": "f1-score",
    "precision": 0.95,
    "recall": 0.8636363636363636,
    "f1_score": 0.9047619047619048
  }
}