{
  "Q7": {
    "query_id": "7",
    "status": "success",
    "execution_time": 10.100269317626953,
    "token_usage": 28920,
    "money_cost": 0.009197,
    "row_count": 41,
    "model_name": "gemini-2.5-flash",
    "concurrent_llm_worker": 20,
    "accuracy": 0.7999999999999999,
    "metric_type": "f1-score",
    "precision": 0.8292682926829268,
    "recall": 0.7727272727272727,
    "f1_score": 0.7999999999999999
  }
}