{
  "Q1": {
    "query_id": "1",
    "status": "success",
    "execution_time": 7.325247049331665,
    "token_usage": 3976,
    "money_cost": 0.0021674,
    "row_count": 5,
    "model_name": "gemini-2.5-flash",
    "concurrent_llm_worker": 20,
    "precision": 1.0,
    "recall": 1.0,
    "f1_score": 1.0
  },
  "Q7": {
    "query_id": "7",
    "status": "success",
    "execution_time": 47.793829679489136,
    "token_usage": 1273955,
    "money_cost": 0.5097931,
    "row_count": 6046,
    "model_name": "gemini-2.5-flash",
    "concurrent_llm_worker": 20,
    "precision": 0.5767490428123913,
    "recall": 0.9185144124168514,
    "f1_score": 0.7085738721402608
  }
}